figure_id,Collection,Compartment
2137754,CPTI002750,overview
2137755,CPTI002750,CB
2137756,CPTI002750,OL
2137757,CPTI001039,OL
2137758,CPTI001039,CB
2137759,CPTI001039,MB
2137760,CPTI001039,VNC
2137761,CPTI000765,MB
2137762,CPTI002789,VNC
2137763,CPTI003426,NMJ
2137764,CPTI000337,overview
2137765,CPTI002750,MB
2137766,CPTI002750,VNC
2137767,CPTI001735,CB
2137768,CPTI000765,CB
2137769,CPTI000765,VNC
2137770,CPTI000765,OL
2137771,CPTI000765,overview
2137772,CPTI002636,overview
2137773,CPTI002636,OL
2137774,CPTI002636,MB
2137775,CPTI002636,CB
2137776,CPTI001015,OL
2137777,CPTI002201,VNC
2137778,CPTI003971,MB
2137779,CPTI002285,VNC
2137780,CPTI001279,overview
2137781,CPTI001279,CB
2137782,CPTI001279,VNC
2137783,CPTI001279,MB
2137784,CPTI001279,OL
2137785,CPTI001198,overview
2137786,CPTI001198,CB
2137787,CPTI001198,VNC
2137788,CPTI001198,MB
2137789,CPTI003971,OL
2137790,CPTI002152,overview
2137791,CPTI001685,OL
2137792,CPTI002152,CB
2137793,CPTI002152,VNC
2137794,CPTI002152,MB
2137795,CPTI003089,OL
2137796,CPTI000736,overview
2137797,CPTI000633,NMJ
2137798,CPTI002201,OL
2137799,CPTI001457,NMJ
2137800,CPTI001880,OL
2137801,CPTI002636,VNC
2137802,CPTI003733,NMJ
2137803,CPTI001685,MB
2137804,CPTI000207,CB
2137805,CPTI003091,OL
2137806,CPTI000207,VNC
2137807,CPTI002285,OL
2137808,CPTI000207,MB
2137809,CPTI003089,MB
2137810,CPTI000207,OL
2137811,CPTI001685,CB
2137812,CPTI001880,MB
2137813,CPTI002201,CB
2137814,CPTI001693,overview
2137816,CPTI004362,overview
2137817,CPTI001589,OL
2137819,CPTI003598,NMJ
2137821,CPTI000326,NMJ
2137822,CPTI002889,NMJ
2137823,CPTI000161,CB
2137824,CPTI001589,CB
2137825,CPTI004479,NMJ
2137826,CPTI002315,NMJ
2137827,CPTI003971,CB
2137828,CPTI002342,NMJ
2137829,CPTI002408,NMJ
2137830,CPTI002443,NMJ
2137831,CPTI002487,NMJ
2137832,CPTI002750,NMJ
2137833,CPTI002103,NMJ
2137834,CPTI002793,NMJ
2137835,CPTI002796,NMJ
2137836,CPTI002818,NMJ
2137837,CPTI000915,NMJ
2137839,CPTI002905,NMJ
2137840,CPTI002927,NMJ
2137841,CPTI001081,NMJ
2137842,CPTI001194,NMJ
2137843,CPTI001234,NMJ
2137844,CPTI001259,NMJ
2137845,CPTI001261,NMJ
2137846,CPTI001880,CB
2137847,CPTI001308,NMJ
2137848,CPTI001880,VNC
2137849,CPTI001328,NMJ
2137850,CPTI001880,overview
2137851,CPTI000560,NMJ
2137852,CPTI001409,NMJ
2137853,CPTI100035,NMJ
2137854,CPTI001586,NMJ
2137855,CPTI001685,NMJ
2137856,CPTI001709,NMJ
2137857,CPTI001714,NMJ
2137858,CPTI001735,NMJ
2137859,CPTI000876,NMJ
2137860,CPTI001769,NMJ
2137861,CPTI001771,NMJ
2137862,CPTI001775,NMJ
2137863,CPTI001828,NMJ
2137864,CPTI001879,NMJ
2137865,CPTI001997,NMJ
2137866,CPTI002761,NMJ
2137867,CPTI002807,NMJ
2137868,CPTI004117,NMJ
2137870,CPTI001277,NMJ
2137871,CPTI001198,NMJ
2137872,CPTI001309,VNC
2137873,CPTI001309,CB
2137874,CPTI001309,overview
2137875,CPTI001309,MB
2137876,CPTI001056,NMJ
2137877,CPTI001309,OL
2137878,CPTI000925,NMJ
2137879,CPTI001015,overview
2137880,CPTI000033,NMJ
2137881,CPTI000037,NMJ
2137882,CPTI000038,NMJ
2137883,CPTI000077,NMJ
2137884,CPTI000155,NMJ
2137885,CPTI004179,NMJ
2137886,CPTI004189,NMJ
2137887,CPTI000318,NMJ
2137888,CPTI004292,NMJ
2137889,CPTI001015,VNC
2137890,CPTI001015,CB
2137891,CPTI001015,MB
2137892,CPTI000379,NMJ
2137893,CPTI000433,NMJ
2137894,CPTI001918,OL
2137895,CPTI001918,MB
2137896,CPTI001918,CB
2137896,CPTI001918,overview
2137897,CPTI000925,overview
2137898,CPTI000925,OL
2137899,CPTI000794,NMJ
2137900,CPTI000925,CB
2137901,CPTI000925,VNC
2137902,CPTI000925,MB
2137903,CPTI001046,VNC
2137904,CPTI001046,overview
2137905,CPTI002562,OL
2137906,CPTI001046,OL
2137907,CPTI001046,CB
2137908,CPTI001046,NMJ
2137909,CPTI001678,VNC
2137910,CPTI001678,overview
2137911,CPTI001678,MB
2137912,CPTI001678,OL
2137913,CPTI001995,NMJ
2137914,CPTI002102,NMJ
2137915,CPTI001678,CB
2137916,CPTI002187,NMJ
2137917,CPTI002201,NMJ
2137918,CPTI003091,NMJ
2137919,CPTI000765,NMJ
2137920,CPTI001658,VNC
2137921,CPTI002305,NMJ
2137922,CPTI001658,overview
2137923,CPTI001658,MB
2137924,CPTI001658,CB
2137925,CPTI001658,OL
2137926,CPTI100062,NMJ
2137927,CPTI000286,NMJ
2137928,CPTI001962,CB
2137930,CPTI003576,NMJ
2137931,CPTI001977,VNC
2137932,CPTI003583,NMJ
2137933,CPTI000199,CB
2137934,CPTI000199,OL
2137935,CPTI003806,NMJ
2137936,CPTI003818,NMJ
2137937,CPTI000760,CB
2137938,CPTI003957,NMJ
2137939,CPTI003971,NMJ
2137940,CPTI002201,MB
2137941,CPTI000760,VNC
2137942,CPTI004152,NMJ
2137943,CPTI003588,NMJ
2137945,CPTI000760,MB
2137947,CPTI003339,NMJ
2137948,CPTI000155,VNC
2137949,CPTI000155,overview
2137950,CPTI000155,MB
2137951,CPTI000155,OL
2137952,CPTI000155,CB
2137953,CPTI004519,NMJ
2137954,CPTI002636,NMJ
2137955,CPTI002645,NMJ
2137956,CPTI002939,NMJ
2137957,CPTI003049,NMJ
2137958,CPTI003020,NMJ
2137959,CPTI003173,NMJ
2137960,CPTI003250,NMJ
2137961,CPTI003089,NMJ
2137962,CPTI000736,NMJ
2137963,CPTI002023,NMJ
2137964,CPTI001918,VNC
2137965,CPTI000774,NMJ
2137966,CPTI002285,CB
2137967,CPTI000760,OL
2137968,CPTI100051,VNC
2137969,CPTI002406,CB
2137970,CPTI003684,NMJ
2137970,CPTI003785,NMJ
2137971,CPTI002285,NMJ
2137972,CPTI002828,NMJ
2137972,CPTI001962,NMJ
2137973,CPTI001718,NMJ
2137974,CPTI002437,NMJ
2137975,CPTI000031,overview
2137976,CPTI003745,NMJ
2137977,CPTI001735,MB
2137978,CPTI100064,NMJ
2137979,CPTI000031,MB
2137980,CPTI000031,CB
2137981,CPTI001180,NMJ
2137982,CPTI001735,OL
2137983,CPTI003151,NMJ
2137984,CPTI003897,MB
2137985,CPTI001962,MB
2137986,CPTI002285,MB
2137987,CPTI001735,VNC
2137988,CPTI001962,overview
2137989,CPTI001234,overview
2137990,CPTI001234,CB
2137991,CPTI001234,OL
2137992,CPTI001234,MB
2137993,CPTI000915,VNC
2137994,CPTI001056,MB
2137996,CPTI000915,MB
2137997,CPTI002305,VNC
2137998,CPTI002305,OL
2137999,CPTI002305,overview
2138000,CPTI000915,OL
2138001,CPTI001589,overview
2138002,CPTI002408,overview
2138003,CPTI001685,overview
2138004,CPTI003089,overview
2138005,CPTI002201,overview
2138006,CPTI002285,overview
2138007,CPTI003091,overview
2138008,CPTI000760,overview
2138009,CPTI003897,NMJ
2138010,CPTI001735,overview
2138011,CPTI002562,VNC
2138012,CPTI001589,VNC
2138013,CPTI002408,VNC
2138014,CPTI003971,VNC
2138015,CPTI001234,VNC
2138016,CPTI004117,overview
2138017,CPTI003089,VNC
2138018,CPTI000876,overview
2138019,CPTI000876,CB
2138020,CPTI000876,VNC
2138021,CPTI000876,OL
2138022,CPTI003897,overview
2138023,CPTI003897,VNC
2138024,CPTI003897,CB
2138025,CPTI000876,MB
2138026,CPTI002408,OL
2138027,CPTI003897,OL
2138028,CPTI003818,overview
2138029,CPTI003818,CB
2138030,CPTI003818,VNC
2138031,CPTI003818,MB
2138032,CPTI003818,OL
2138033,CPTI001589,MB
2138034,CPTI001714,overview
2138035,CPTI001714,VNC
2138036,CPTI000161,MB
2138037,CPTI001714,CB
2138038,CPTI001714,MB
2138039,CPTI001714,OL
2138040,CPTI000379,overview
2138041,CPTI000379,CB
2138042,CPTI000379,VNC
2138043,CPTI000379,MB
2138044,CPTI000379,OL
2138045,CPTI002487,overview
2138046,CPTI002487,CB
2138047,CPTI002487,VNC
2138048,CPTI002487,MB
2138049,CPTI002487,OL
2138050,CPTI001977,overview
2138051,CPTI001977,CB
2138052,CPTI001977,MB
2138053,CPTI001977,OL
2138054,CPTI100013,overview
2138055,CPTI100013,CB
2138056,CPTI100013,VNC
2138057,CPTI100013,MB
2138058,CPTI100013,OL
2138059,CPTI000161,VNC
2138060,CPTI100043,NMJ
2138061,CPTI002324,NMJ
2138063,CPTI000190,MB
2138064,CPTI002085,overview
2138065,CPTI002085,CB
2138066,CPTI002085,VNC
2138067,CPTI002085,MB
2138068,CPTI002085,OL
2138070,CPTI000944,NMJ
2138072,CPTI003472,NMJ
2138073,CPTI000332,NMJ
2138074,CPTI001198,OL
2138076,CPTI002408,MB
2138077,CPTI002152,NMJ
2138078,CPTI001589,NMJ
2138081,CPTI000207,NMJ
2138082,CPTI000252,NMJ
2138083,CPTI000616,NMJ
2138085,CPTI001175,NMJ
2138088,CPTI001658,NMJ
2138089,CPTI000915,overview
2138090,CPTI100045,NMJ
2138091,CPTI003091,CB
2138092,CPTI000091,NMJ
2138093,CPTI003971,overview
2138094,CPTI000190,NMJ
2138096,CPTI000194,NMJ
2138097,CPTI000263,NMJ
2138098,CPTI000298,NMJ
2138099,CPTI000303,NMJ
2138100,CPTI000337,NMJ
2138101,CPTI000365,NMJ
2138102,CPTI000371,NMJ
2138103,CPTI001993,MB
2138104,CPTI001977,NMJ
2138105,CPTI000915,CB
2138106,CPTI003732,NMJ
2138107,CPTI001993,CB
2138108,CPTI001993,VNC
2138109,CPTI001993,OL
2138110,CPTI000472,NMJ
2138111,CPTI000567,NMJ
2138112,CPTI000590,NMJ
2138113,CPTI000609,NMJ
2138114,CPTI000658,NMJ
2138115,CPTI000688,NMJ
2138116,CPTI000877,NMJ
2138117,CPTI002315,OL
2138118,CPTI000739,NMJ
2138119,CPTI002315,VNC
2138120,CPTI002315,CB
2138121,CPTI002315,MB
2138122,CPTI002907,NMJ
2138123,CPTI003089,CB
2138124,CPTI003151,overview
2138125,CPTI000748,overview
2138126,CPTI000748,OL
2138127,CPTI000161,OL
2138128,CPTI003532,MB
2138129,CPTI001771,CB
2138130,CPTI000031,VNC
2138131,CPTI003100,NMJ
2138132,CPTI000567,OL
2138133,CPTI000567,overview
2138134,CPTI000567,VNC
2138135,CPTI000567,MB
2138136,CPTI000567,CB
2138137,CPTI002853,overview
2138138,CPTI002853,CB
2138139,CPTI002853,VNC
2138140,CPTI002853,MB
2138141,CPTI004362,VNC
2138142,CPTI000640,NMJ
2138143,CPTI003323,NMJ
2138144,CPTI000031,NMJ
2138145,CPTI003394,NMJ
2138146,CPTI003490,NMJ
2138147,CPTI002342,CB
2138151,CPTI002342,MB
2138154,CPTI003501,NMJ
2138155,CPTI001455,NMJ
2138156,CPTI002853,OL
2138157,CPTI000194,overview
2138158,CPTI000194,VNC
2138159,CPTI000194,MB
2138160,CPTI000194,OL
2138161,CPTI000194,CB
2138162,CPTI000199,VNC
2138163,CPTI002853,NMJ
2138164,CPTI003911,NMJ
2138165,CPTI002408,CB
2138166,CPTI001693,CB
2138167,CPTI001693,MB
2138168,CPTI001693,OL
2138169,CPTI003923,NMJ
2138170,CPTI002789,overview
2138171,CPTI001693,VNC
2138172,CPTI002789,OL
2138173,CPTI002789,MB
2138174,CPTI002789,CB
2138175,CPTI002789,NMJ
2138176,CPTI002761,overview
2138177,CPTI002761,VNC
2138178,CPTI002761,OL
2138179,CPTI002761,MB
2138180,CPTI002761,CB
2138181,CPTI001056,VNC
2138182,CPTI000161,overview
2138185,CPTI003605,NMJ
2138190,CPTI001039,overview
2138191,CPTI002772,NMJ
2138196,CPTI002085,NMJ
2138198,CPTI002049,NMJ
2138200,CPTI003522,NMJ
2138201,CPTI004071,NMJ
2138202,CPTI001284,NMJ
2138203,CPTI002786,NMJ
2138204,CPTI000836,NMJ
2138205,CPTI002646,NMJ
2138206,CPTI001993,NMJ
2138207,CPTI100012,NMJ
2138208,CPTI001740,NMJ
2138209,CPTI001473,NMJ
2138210,CPTI003231,NMJ
2138211,CPTI000727,NMJ
2138212,CPTI001427,NMJ
2138213,CPTI001309,NMJ
2138214,CPTI003669,NMJ
2138215,CPTI100013,NMJ
2138216,CPTI003917,NMJ
2138217,CPTI001430,NMJ
2138218,CPTI001678,NMJ
2138219,CPTI003532,NMJ
2138220,CPTI002562,NMJ
2138221,CPTI004362,NMJ
2138222,CPTI100044,NMJ
2138223,CPTI001659,NMJ
2138224,CPTI001279,NMJ
2138225,CPTI002264,NMJ
2138226,CPTI001580,NMJ
2138227,CPTI001693,NMJ
2138228,CPTI001880,NMJ
2138229,CPTI002152,OL
2138230,CPTI001414,NMJ
2138231,CPTI004394,NMJ
2138232,CPTI002805,NMJ
2138233,CPTI002578,NMJ
2138234,CPTI001918,NMJ
2138235,CPTI001015,NMJ
2138236,CPTI001595,NMJ
2138237,CPTI002406,NMJ
2138238,CPTI000760,NMJ
2138239,CPTI100051,NMJ
2138240,CPTI000748,NMJ
2138241,CPTI003173,overview
2138242,CPTI001728,NMJ
2138243,CPTI000031,OL
2138244,CPTI000161,NMJ
2138245,CPTI003339,CB
2138246,CPTI003339,VNC
2138247,CPTI003339,overview
2138248,CPTI003339,MB
2138249,CPTI000207,overview
2138250,CPTI001308,MB
2138251,CPTI001308,overview
2138252,CPTI001308,CB
2138253,CPTI001308,OL
2138254,CPTI001308,VNC
2138255,CPTI003173,MB
2138255,CPTI001586,MB
2138256,CPTI003173,CB
2138256,CPTI001586,CB
2138257,CPTI003173,OL
2138257,CPTI001586,OL
2138258,CPTI003173,VNC
2138258,CPTI001586,VNC
2138259,CPTI001771,MB
2138260,CPTI001771,overview
2138261,CPTI001039,NMJ
2138262,CPTI001771,OL
2138263,CPTI001771,VNC
2138264,CPTI003100,MB
2138265,CPTI003100,overview
2138266,CPTI003100,CB
2138267,CPTI003100,OL
2138268,CPTI003100,VNC
2138269,CPTI000199,NMJ
2138270,CPTI000239,NMJ
2138271,CPTI002305,CB
2138273,CPTI000850,NMJ
2138274,CPTI000850,CB
2138275,CPTI000850,MB
2138276,CPTI003091,VNC
2138277,CPTI000850,overview
2138278,CPTI000199,MB
2138279,CPTI002818,CB
2138280,CPTI000033,CB
2138281,CPTI001284,overview
2138305,CPTI002578,VNC
2138306,CPTI002805,overview
2138307,CPTI000748,VNC
2138308,CPTI002578,MB
2138309,CPTI002578,CB
2138310,CPTI003472,VNC
2138311,CPTI002324,MB
2138312,CPTI003490,OL
2138313,CPTI000748,MB
2138314,CPTI000748,CB
2138315,CPTI000640,CB
2138316,CPTI100035,MB
2138317,CPTI100043,CB
2138318,CPTI001580,CB
2138319,CPTI003911,overview
2138320,CPTI002578,overview
2138321,CPTI002578,OL
2138322,CPTI001261,CB
2138323,CPTI001261,overview
2138324,CPTI001261,OL
2138325,CPTI001261,VNC
2138326,CPTI001261,MB
2138327,CPTI100043,OL
2138328,CPTI001580,overview
2138329,CPTI000286,MB
2138330,CPTI000337,CB
2138331,CPTI000337,VNC
2138332,CPTI002796,OL
2138333,CPTI002796,VNC
2138334,CPTI003426,VNC
2138335,CPTI003684,overview
2138336,CPTI003684,VNC
2138337,CPTI003426,MB
2138338,CPTI000739,MB
2138339,CPTI003426,OL
2138340,CPTI002324,VNC
2138341,CPTI002443,MB
2138342,CPTI002645,overview
2138343,CPTI002645,CB
2138344,CPTI002645,VNC
2138345,CPTI002645,MB
2138346,CPTI002645,OL
2138347,CPTI001081,overview
2138348,CPTI001081,MB
2138349,CPTI001081,OL
2138350,CPTI001685,VNC
2138351,CPTI002796,overview
2138352,CPTI001277,OL
2138353,CPTI003490,CB
2138354,CPTI000033,OL
2138355,CPTI002324,OL
2138356,CPTI003923,CB
2138357,CPTI002342,OL
2138358,CPTI004071,MB
2138359,CPTI001457,OL
2138360,CPTI004071,overview
2138361,CPTI001709,CB
2138362,CPTI001709,OL
2138363,CPTI001709,MB
2138364,CPTI001709,VNC
2138365,CPTI100045,VNC
2138366,CPTI003745,MB
2138367,CPTI100012,overview
2138368,CPTI000252,overview
2138369,CPTI100012,VNC
2138370,CPTI002939,CB
2138371,CPTI000239,CB
2138372,CPTI004179,CB
2138373,CPTI001995,overview
2138374,CPTI000077,CB
2138375,CPTI001580,VNC
2138376,CPTI003957,MB
2138377,CPTI003588,OL
2138378,CPTI003733,overview
2138379,CPTI003733,VNC
2138380,CPTI003923,overview
2138381,CPTI003923,OL
2138382,CPTI002889,VNC
2138383,CPTI001595,overview
2138384,CPTI003532,overview
2138385,CPTI004117,VNC
2138386,CPTI000199,overview
2138387,CPTI002828,MB
2138388,CPTI002828,CB
2138389,CPTI002049,overview
2138390,CPTI000037,overview
2138391,CPTI003806,VNC
2138392,CPTI000337,MB
2138393,CPTI003605,MB
2138394,CPTI003785,overview
2138395,CPTI000688,overview
2138396,CPTI003957,overview
2138397,CPTI100012,MB
2138398,CPTI100012,OL
2138399,CPTI100012,CB
2138400,CPTI003091,MB
2138401,CPTI002796,CB
2138402,CPTI004179,overview
2138403,CPTI000332,overview
2138404,CPTI003426,CB
2138405,CPTI001595,OL
2138406,CPTI002772,CB
2138407,CPTI001595,VNC
2138408,CPTI100043,MB
2138409,CPTI000633,overview
2138410,CPTI000944,OL
2138411,CPTI000944,MB
2138412,CPTI000944,VNC
2138413,CPTI000944,overview
2138414,CPTI003231,OL
2138415,CPTI003231,MB
2138416,CPTI003231,VNC
2138417,CPTI003231,overview
2138418,CPTI000433,CB
2138419,CPTI000433,OL
2138420,CPTI000433,MB
2138421,CPTI000433,VNC
2138422,CPTI004394,CB
2138423,CPTI004394,OL
2138424,CPTI004394,MB
2138425,CPTI100044,CB
2138426,CPTI100044,MB
2138427,CPTI100044,VNC
2138428,CPTI100044,overview
2138429,CPTI001728,CB
2138430,CPTI001728,OL
2138431,CPTI001728,MB
2138432,CPTI001728,VNC
2138433,CPTI001728,overview
2138434,CPTI003490,VNC
2138435,CPTI000472,CB
2138436,CPTI000472,OL
2138437,CPTI000472,MB
2138438,CPTI000472,VNC
2138439,CPTI000472,overview
2138440,CPTI002102,OL
2138441,CPTI000877,CB
2138442,CPTI000877,OL
2138443,CPTI000877,MB
2138444,CPTI000877,VNC
2138445,CPTI000877,overview
2138446,CPTI003049,overview
2138447,CPTI003049,VNC
2138448,CPTI003049,OL
2138449,CPTI001659,overview
2138450,CPTI003049,MB
2138451,CPTI003049,CB
2138452,CPTI001740,MB
2138453,CPTI001740,VNC
2138454,CPTI001740,overview
2138455,CPTI002646,CB
2138456,CPTI002646,OL
2138457,CPTI002646,MB
2138458,CPTI002646,VNC
2138459,CPTI002646,overview
2138460,CPTI000590,CB
2138461,CPTI000590,OL
2138462,CPTI000590,MB
2138463,CPTI000590,VNC
2138464,CPTI001595,MB
2138465,CPTI001277,overview
2138466,CPTI000590,overview
2138467,CPTI002807,OL
2138468,CPTI002807,MB
2138469,CPTI002807,VNC
2138470,CPTI002807,overview
2138471,CPTI000365,CB
2138472,CPTI000365,OL
2138473,CPTI000365,MB
2138474,CPTI000365,VNC
2138475,CPTI000365,overview
2138476,CPTI100035,CB
2138477,CPTI100035,OL
2138478,CPTI003490,overview
2138479,CPTI100035,VNC
2138480,CPTI100035,overview
2138481,CPTI000286,CB
2138482,CPTI000286,OL
2138483,CPTI000286,VNC
2138484,CPTI002443,overview
2138485,CPTI000286,overview
2138486,CPTI002443,CB
2138487,CPTI002443,OL
2138488,CPTI002443,VNC
2138489,CPTI000616,CB
2138490,CPTI000616,OL
2138491,CPTI000616,MB
2138492,CPTI000616,overview
2138493,CPTI000616,VNC
2138494,CPTI003598,CB
2138495,CPTI003598,OL
2138496,CPTI003598,MB
2138497,CPTI003598,VNC
2138498,CPTI003598,overview
2138499,CPTI004071,CB
2138500,CPTI004071,OL
2138501,CPTI001457,overview
2138502,CPTI003522,VNC
2138503,CPTI001457,CB
2138504,CPTI001457,VNC
2138505,CPTI001457,MB
2138506,CPTI100045,MB
2138507,CPTI100045,OL
2138508,CPTI003588,VNC
2138509,CPTI100045,CB
2138510,CPTI003745,OL
2138511,CPTI001056,CB
2138512,CPTI003745,VNC
2138513,CPTI003745,overview
2138514,CPTI001259,CB
2138515,CPTI001259,OL
2138516,CPTI001259,MB
2138517,CPTI001259,VNC
2138518,CPTI001259,overview
2138519,CPTI003588,MB
2138520,CPTI002406,OL
2138521,CPTI002406,MB
2138522,CPTI002406,VNC
2138523,CPTI002406,overview
2138524,CPTI003669,CB
2138525,CPTI003588,CB
2138526,CPTI003669,MB
2138527,CPTI003669,VNC
2138528,CPTI003669,overview
2138529,CPTI002927,CB
2138530,CPTI002927,OL
2138531,CPTI003588,overview
2138532,CPTI002927,VNC
2138533,CPTI002927,overview
2138534,CPTI000239,OL
2138535,CPTI000239,MB
2138536,CPTI000239,VNC
2138537,CPTI000239,overview
2138538,CPTI003501,overview
2138539,CPTI000263,OL
2138540,CPTI000263,MB
2138541,CPTI000263,VNC
2138542,CPTI000263,overview
2138543,CPTI000037,CB
2138544,CPTI002102,overview
2138545,CPTI000037,MB
2138546,CPTI001473,overview
2138547,CPTI001473,CB
2138548,CPTI100051,CB
2138549,CPTI100051,OL
2138550,CPTI100051,MB
2138551,CPTI100051,overview
2138552,CPTI002264,CB
2138553,CPTI002264,OL
2138554,CPTI002264,MB
2138555,CPTI002264,VNC
2138556,CPTI002264,overview
2138557,CPTI000091,OL
2138558,CPTI000091,MB
2138559,CPTI000091,VNC
2138560,CPTI000091,overview
2138561,CPTI003923,VNC
2138562,CPTI001455,OL
2138563,CPTI001455,CB
2138564,CPTI000190,CB
2138565,CPTI000190,OL
2138566,CPTI001455,MB
2138567,CPTI000190,VNC
2138568,CPTI001081,CB
2138569,CPTI000560,CB
2138570,CPTI000560,OL
2138571,CPTI000560,MB
2138572,CPTI000560,VNC
2138573,CPTI000560,overview
2138574,CPTI003250,CB
2138575,CPTI003250,OL
2138576,CPTI003250,MB
2138577,CPTI003501,OL
2138578,CPTI003501,CB
2138579,CPTI003501,MB
2138580,CPTI003501,VNC
2138581,CPTI100043,VNC
2138582,CPTI100043,overview
2138583,CPTI001879,CB
2138584,CPTI001879,OL
2138585,CPTI001879,MB
2138586,CPTI001879,VNC
2138587,CPTI001879,overview
2138588,CPTI001427,CB
2138589,CPTI001427,OL
2138590,CPTI001427,MB
2138591,CPTI001427,VNC
2138592,CPTI002023,CB
2138593,CPTI002023,OL
2138594,CPTI002023,MB
2138595,CPTI002023,VNC
2138596,CPTI002023,overview
2138597,CPTI003917,CB
2138598,CPTI003917,OL
2138599,CPTI003917,MB
2138600,CPTI003917,VNC
2138601,CPTI000318,CB
2138602,CPTI001194,overview
2138603,CPTI002889,CB
2138604,CPTI100062,CB
2138605,CPTI001328,overview
2138606,CPTI001769,overview
2138607,CPTI000037,VNC
2138608,CPTI001427,overview
2138609,CPTI004189,overview
2138610,CPTI001595,CB
2138611,CPTI002562,overview
2138612,CPTI000371,OL
2138613,CPTI100062,OL
2138614,CPTI000371,CB
2138615,CPTI003472,overview
2138616,CPTI000371,MB
2138617,CPTI003605,VNC
2138618,CPTI000371,VNC
2138619,CPTI002772,VNC
2138620,CPTI002772,OL
2138621,CPTI002828,VNC
2138622,CPTI100062,MB
2138623,CPTI001277,CB
2138624,CPTI000640,MB
2138625,CPTI001277,VNC
2138626,CPTI001180,overview
2138627,CPTI001277,MB
2138628,CPTI001414,overview
2138629,CPTI001180,CB
2138630,CPTI002828,OL
2138631,CPTI001180,MB
2138632,CPTI100062,VNC
2138633,CPTI003923,MB
2138634,CPTI001180,OL
2138635,CPTI001175,overview
2138636,CPTI002889,OL
2138637,CPTI001962,OL
2138638,CPTI001962,VNC
2138639,CPTI000727,VNC
2138640,CPTI100062,overview
2138641,CPTI003323,overview
2138642,CPTI000609,OL
2138643,CPTI000640,overview
2138644,CPTI002049,MB
2138645,CPTI002907,overview
2138646,CPTI002907,OL
2138647,CPTI002907,VNC
2138648,CPTI002907,MB
2138649,CPTI002907,CB
2138650,CPTI001473,OL
2138651,CPTI000640,OL
2138652,CPTI002828,overview
2138653,CPTI000263,CB
2138654,CPTI000326,OL
2138655,CPTI000736,CB
2138656,CPTI000736,VNC
2138657,CPTI000736,OL
2138658,CPTI000736,MB
2138659,CPTI002305,MB
2138660,CPTI000326,MB
2138661,CPTI000033,VNC
2138662,CPTI000033,MB
2138663,CPTI003917,overview
2138664,CPTI002049,CB
2138665,CPTI002342,VNC
2138666,CPTI003957,OL
2138667,CPTI000609,CB
2138668,CPTI002905,overview
2138669,CPTI003490,MB
2138670,CPTI000739,overview
2138671,CPTI000739,CB
2138672,CPTI000077,overview
2138673,CPTI000609,VNC
2138674,CPTI001430,overview
2138675,CPTI001430,OL
2138676,CPTI002793,overview
2138677,CPTI002927,MB
2138678,CPTI001430,CB
2138679,CPTI000077,VNC
2138680,CPTI000609,MB
2138681,CPTI000033,overview
2138682,CPTI001430,MB
2138683,CPTI002786,VNC
2138684,CPTI001430,VNC
2138685,CPTI000326,overview
2138686,CPTI001056,overview
2138687,CPTI001740,OL
2138688,CPTI001056,OL
2138689,CPTI001473,VNC
2138690,CPTI003394,overview
2138691,CPTI003394,OL
2138692,CPTI003394,CB
2138693,CPTI003394,MB
2138694,CPTI002905,CB
2138695,CPTI004479,overview
2138696,CPTI004479,OL
2138697,CPTI000298,overview
2138698,CPTI000836,overview
2138699,CPTI000298,OL
2138700,CPTI003605,CB
2138701,CPTI000326,CB
2138702,CPTI003785,OL
2138703,CPTI003532,OL
2138704,CPTI003911,OL
2138705,CPTI000836,VNC
2138706,CPTI000298,MB
2138707,CPTI000326,VNC
2138708,CPTI000298,CB
2138709,CPTI000298,VNC
2138710,CPTI000836,CB
2138711,CPTI001409,overview
2138712,CPTI003426,overview
2138713,CPTI002103,overview
2138714,CPTI004479,CB
2138715,CPTI001455,overview
2138716,CPTI004479,VNC
2138717,CPTI100045,overview
2138718,CPTI003911,CB
2138719,CPTI003605,overview
2138720,CPTI003605,OL
2138721,CPTI000836,OL
2138722,CPTI003151,CB
2138723,CPTI003684,OL
2138724,CPTI004117,MB
2138725,CPTI000318,OL
2138726,CPTI000774,MB
2138727,CPTI004071,VNC
2138728,CPTI001473,MB
2138729,CPTI001718,OL
2138730,CPTI001775,CB
2138731,CPTI004179,MB
2138732,CPTI002049,OL
2138733,CPTI002102,VNC
2138734,CPTI000774,VNC
2138735,CPTI000038,VNC
2138736,CPTI002772,MB
2138737,CPTI001409,CB
2138738,CPTI000774,CB
2138739,CPTI000038,CB
2138740,CPTI002049,VNC
2138741,CPTI003532,VNC
2138742,CPTI004292,overview
2138743,CPTI004292,OL
2138744,CPTI004292,MB
2138745,CPTI004292,CB
2138746,CPTI004292,VNC
2138747,CPTI001659,MB
2138748,CPTI003394,VNC
2138749,CPTI004189,OL
2138750,CPTI004189,MB
2138751,CPTI004189,CB
2138752,CPTI003522,overview
2138753,CPTI003522,CB
2138754,CPTI003522,MB
2138755,CPTI003522,OL
2138756,CPTI001328,MB
2138757,CPTI000037,OL
2138758,CPTI001769,MB
2138759,CPTI000371,overview
2138760,CPTI002324,overview
2138761,CPTI000944,CB
2138762,CPTI001180,VNC
2138763,CPTI004519,overview
2138764,CPTI004519,OL
2138765,CPTI004519,MB
2138766,CPTI004519,VNC
2138767,CPTI004519,CB
2138768,CPTI004362,OL
2138769,CPTI002786,overview
2138770,CPTI003231,CB
2138771,CPTI002786,CB
2138772,CPTI002786,MB
2138773,CPTI002786,OL
2138774,CPTI004117,OL
2138775,CPTI001709,overview
2138776,CPTI001740,CB
2138777,CPTI003472,OL
2138778,CPTI003957,VNC
2138779,CPTI004189,VNC
2138780,CPTI000658,overview
2138781,CPTI001718,overview
2138782,CPTI003745,CB
2138783,CPTI000332,CB
2138784,CPTI000658,CB
2138785,CPTI001718,CB
2138786,CPTI002103,CB
2138787,CPTI002805,CB
2138788,CPTI000332,OL
2138789,CPTI000658,OL
2138790,CPTI000433,overview
2138791,CPTI002103,OL
2138792,CPTI003785,VNC
2138793,CPTI002805,OL
2138794,CPTI003151,OL
2138795,CPTI000332,MB
2138796,CPTI000658,MB
2138797,CPTI001718,MB
2138798,CPTI002103,MB
2138799,CPTI002805,MB
2138800,CPTI003151,MB
2138801,CPTI000332,VNC
2138802,CPTI000640,VNC
2138803,CPTI000658,VNC
2138804,CPTI001718,VNC
2138805,CPTI002103,VNC
2138806,CPTI002805,VNC
2138807,CPTI003151,VNC
2138808,CPTI004394,VNC
2138809,CPTI004394,overview
2138810,CPTI002324,CB
2138811,CPTI003806,overview
2138812,CPTI003806,OL
2138813,CPTI003806,CB
2138814,CPTI003806,MB
2138815,CPTI001046,MB
2138816,CPTI100044,OL
2138817,CPTI001659,VNC
2138818,CPTI000252,MB
2138819,CPTI002437,overview
2138820,CPTI000739,VNC
2138821,CPTI001659,CB
2138822,CPTI000739,OL
2138823,CPTI000190,overview
2138824,CPTI001775,OL
2138825,CPTI000077,OL
2138826,CPTI002818,MB
2138827,CPTI000727,CB
2138828,CPTI002437,CB
2138829,CPTI000836,MB
2138830,CPTI003785,CB
2138831,CPTI003957,CB
2138832,CPTI004117,CB
2138833,CPTI000727,OL
2138834,CPTI002437,OL
2138835,CPTI004179,OL
2138836,CPTI000727,MB
2138837,CPTI002437,MB
2138838,CPTI002889,MB
2138839,CPTI004479,MB
2138840,CPTI003785,MB
2138841,CPTI002437,VNC
2138842,CPTI000727,overview
2138843,CPTI002889,overview
2138844,CPTI001455,VNC
2138845,CPTI002562,MB
2138846,CPTI002939,overview
2138847,CPTI001997,overview
2138848,CPTI003733,CB
2138849,CPTI003733,MB
2138850,CPTI003733,OL
2138851,CPTI001414,OL
2138852,CPTI001414,CB
2138853,CPTI001414,MB
2138854,CPTI001414,VNC
2138855,CPTI000609,overview
2138856,CPTI001775,MB
2138857,CPTI002102,MB
2138858,CPTI001659,OL
2138859,CPTI001775,VNC
2138860,CPTI000318,overview
2138861,CPTI002102,CB
2138862,CPTI002562,CB
2138863,CPTI002939,MB
2138864,CPTI000318,MB
2138865,CPTI000252,OL
2138866,CPTI001175,OL
2138867,CPTI002939,OL
2138868,CPTI000038,overview
2138869,CPTI000252,VNC
2138870,CPTI001175,VNC
2138871,CPTI002939,VNC
2138872,CPTI000774,overview
2138873,CPTI000252,CB
2138874,CPTI001175,CB
2138875,CPTI000077,MB
2138876,CPTI002793,MB
2138877,CPTI001995,MB
2138878,CPTI000633,MB
2138879,CPTI000688,MB
2138880,CPTI002793,OL
2138881,CPTI001995,OL
2138882,CPTI000633,OL
2138883,CPTI000688,OL
2138884,CPTI002793,VNC
2138885,CPTI001995,VNC
2138886,CPTI000633,VNC
2138887,CPTI000688,VNC
2138888,CPTI002793,CB
2138889,CPTI001995,CB
2138890,CPTI000633,CB
2138891,CPTI000688,CB
2138892,CPTI003911,MB
2138893,CPTI003323,MB
2138894,CPTI001997,MB
2138895,CPTI001194,MB
2138896,CPTI000091,CB
2138897,CPTI003323,OL
2138898,CPTI001194,OL
2138899,CPTI003339,OL
2138900,CPTI003911,VNC
2138901,CPTI003323,VNC
2138902,CPTI001997,VNC
2138903,CPTI001194,VNC
2138904,CPTI003250,overview
2138905,CPTI003323,CB
2138906,CPTI001997,CB
2138906,CPTI001997,OL
2138907,CPTI001194,CB
2138908,CPTI002905,MB
2138909,CPTI001409,MB
2138910,CPTI000038,MB
2138911,CPTI002905,OL
2138912,CPTI001409,OL
2138913,CPTI000774,OL
2138914,CPTI000038,OL
2138915,CPTI002905,VNC
2138916,CPTI001409,VNC
2138917,CPTI003684,MB
2138918,CPTI001328,OL
2138919,CPTI004362,MB
2138920,CPTI001769,OL
2138921,CPTI004362,CB
2138922,CPTI003472,CB
2138923,CPTI003684,CB
2138924,CPTI001328,VNC
2138925,CPTI001769,VNC
2138926,CPTI003472,MB
2138927,CPTI001328,CB
2138928,CPTI001769,CB
2138929,CPTI002342,overview
2138930,CPTI000850,OL
2138931,CPTI000850,VNC
2138932,CPTI000337,OL
2138932,CPTI002818,OL
2138933,CPTI002818,VNC
2138934,CPTI002818,overview
2138935,CPTI001175,MB
2138936,CPTI001580,MB
2138937,CPTI000318,VNC
2138938,CPTI002807,CB
2138939,CPTI003532,CB
2138940,CPTI003250,VNC
2138941,CPTI001580,OL
2138942,CPTI001775,overview
2138943,CPTI001284,VNC
2138944,CPTI001284,MB
2138945,CPTI001284,CB
2138946,CPTI001284,OL
2138947,CPTI004179,VNC
2138948,CPTI001586,overview
2139013,CPTI001081,VNC
2139235,CPTI002796,MB
2139266,CPTI002772,overview
2139267,CPTI000303,overview
2139268,CPTI100064,overview
2139269,CPTI002187,overview
2139270,CPTI003732,overview
2139271,CPTI001828,overview
2139272,CPTI003020,overview
2139273,CPTI004152,overview